{
  "K": [
    [
      2845.709526872819,
      0.0,
      1471.1769571252655
    ],
    [
      0.0,
      2840.430399358239,
      2019.388814899309
    ],
    [
      0.0,
      0.0,
      1.0
    ]
  ],
  "dist": [
    0.23702215449255828,
    -1.924150342516549,
    0.001602586087687358,
    -0.0012058676146519606,
    3.738347974223542
  ],
  "RMS": 1.9356283790912148
}