{
  "K": [
    [
      912.4069537182002,
      0.0,
      470.34069421375546
    ],
    [
      0.0,
      910.5261310423672,
      645.3961565800637
    ],
    [
      0.0,
      0.0,
      1.0
    ]
  ],
  "dist": [
    0.243932292387861,
    -1.9143440275121282,
    0.002008644570206095,
    -0.0014033315651447806,
    3.652888889420701
  ],
  "RMS": 0.575974482587258
}